Location,Number of private cycles,Number of cycle hire bikes,Total cycles,lat,lng,geometry,LSOA11CD,LSOA11NM,accounting,airport,amusement park,aquarium,art gallery,atm,bakery,bank,bar,beauty salon,bicycle store,book store,bowling alley,bus station,cafe,campground,car dealer,car rental,car repair,car wash,casino,cemetery,church,city hall,clothing store,convenience store,courthouse,dentist,department store,doctor,drugstore,electrician,electronics store,embassy,fire station,florist,funeral home,furniture store,gas station,gym,hair care,hardware store,hindu temple,home goods store,hospital,insurance agency,jewelry store,laundry,lawyer,library,light rail station,liquor store,local government office,locksmith,lodging,meal delivery,meal takeaway,mosque,movie rental,movie theater,moving company,museum,night club,painter,park,parking,pet store,pharmacy,physiotherapist,plumber,police,post office,primary school,real estate agency,restaurant,roofing contractor,rv park,school,secondary school,shoe store,shopping mall,spa,stadium,storage,store,subway station,supermarket,synagogue,taxi stand,tourist attraction,train station,transit station,travel agency,university,veterinary care,zoo,person,bicycle,car,motorcycle,bus,train,truck,traffic light,fire hydrant,stop sign,parking meter,bench,dog
Albert Embankment (South of Salamanca Street),1470.375,162.25,1632.625,51.4903238,-0.1226315,POINT (-0.1226315 51.4903238),E01003109,Lambeth 003E,8,1,0,0,14,6,4,3,19,,,,,20,,,,,,,,,,0,,,,,,,,,,2,,,,,,9,,,,,0,,,4,,,,,,,,,,,,0,,3,9,,6,11,,,,,2,,,,32,,,15,,,0,,1,,,2,7,,,,4,37,,0,,0,1.0,,1.0,,,,1.0,,,,,,
Aldgate High Street,1592.75,159.75,1752.5,51.5140145,-0.0753219,POINT (-0.0753219 51.5140145),E01000005,City of London 001E,55,2,0,0,25,20,9,56,60,,,,,48,,,,,,,,,,14,,,,,,,,,,3,,,,,,26,,,,,1,,,4,,,,,,,,,,,,4,,5,10,,8,29,,,,,4,,,,60,,,20,,,11,,0,,,9,18,,,,7,49,,10,,0,14.0,1.0,16.0,,1.0,,,1.0,,,,,
Aldwych,1141.0,191.375,1332.375,51.5132258,-0.1173591,POINT (-0.1173591 51.5132258),E01004735,Westminster 018B,48,1,0,1,31,15,17,20,53,,,,,20,,,,,,,,,,3,,,,,,,,,,10,,,,,,15,,,,,0,,,2,,,,,,,,,,,,7,,11,10,,7,15,,,,,2,,,,60,,,20,,,13,,0,,,7,13,,,,6,32,,5,,0,21.0,,15.0,,4.0,,3.0,3.0,,,,,
Appold Street,764.125,84.75,848.875,51.5207216,-0.0818023,POINT (-0.0818023 51.5207216),E01032739,City of London 001F,60,3,0,0,49,23,10,56,60,,,,,53,,,,,,,,,,13,,,,,,,,,,2,,,,,,33,,,,,0,,,5,,,,,,,,,,,,6,,7,11,,3,31,,,,,4,,,,60,,,13,,,13,,0,,,9,22,,,,6,59,,6,,0,,3.0,5.0,,,,,3.0,,,,,
Arundel Street,203.75,41.25,245.0,51.5125289,-0.1143676,POINT (-0.1143676 51.5125289),E01004735,Westminster 018B,50,2,0,1,16,15,12,23,40,,,,,16,,,,,,,,,,4,,,,,,,,,,8,,,,,,12,,,,,0,,,2,,,,,,,,,,,,6,,11,10,,5,18,,,,,2,,,,60,,,17,,,7,,0,,,6,15,,,,3,29,,4,,0,16.0,,19.0,1.0,,,5.0,3.0,,,,,
Beech Street,1318.875,256.375,1575.25,51.5205484,-0.0948466,POINT (-0.0948466 51.5205484),E01000001,City of London 001A,40,1,0,0,11,23,4,50,36,,,,,30,,,,,,,,,,20,,,,,,,,,,1,,,,,,17,,,,,0,,,0,,,,,,,,,,,,4,,11,8,,9,26,,,,,2,,,,60,,,19,,,3,,0,,,9,21,,,,8,53,,3,,0,,,23.0,,,,,,,,,,
Belvedere Road,494.0,106.0,600.0,51.5036113,-0.1173103,POINT (-0.1173103 51.5036113),E01003013,Lambeth 036A,8,0,0,1,10,8,8,8,29,,,,,38,,,,,,,,,,0,,,,,,,,,,4,,,,,,7,,,,,2,,,2,,,,,,,,,,,,5,,2,2,,5,20,,,,,6,,,,60,,,11,,,5,,0,,,8,15,,,,8,37,,3,,0,2.0,1.0,6.0,,,,,,1.0,,,,
Berkeley Street,151.25,18.375,169.625,51.5082432,-0.1433151,POINT (-0.1433151 51.5082432),E01004761,Westminster 018D,53,2,1,0,60,7,9,32,52,,,,,16,,,,,,,,,,0,,,,,,,,,,14,,,,,,16,,,,,0,,,4,,,,,,,,,,,,6,,6,32,,18,26,,,,,1,,,,60,,,10,,,11,,0,,,6,10,,,,2,28,,5,,0,18.0,1.0,27.0,3.0,,,,,,1.0,,,
Bermonsey Street,537.5,33.125,570.625,51.5007926,-0.0818488,POINT (-0.0818488 51.5007926),E01032646,Southwark 003I,10,0,2,2,25,20,15,17,46,,,,,31,,,,,,,,,,12,,,,,,,,,,0,,,,,,11,,,,,1,,,5,,,,,,,,,,,,2,,7,1,,7,11,,,,,2,,,,60,,,11,,,2,,0,,,3,18,,,,1,50,,2,,0,14.0,,14.0,,,,2.0,,,,,,
Berners Street,139.5,19.5,159.0,51.5171297,-0.1366273,POINT (-0.1366273 51.5171297),E01004763,Westminster 013B,60,0,1,2,20,16,28,36,60,,,,,33,,,,,,,,,,0,,,,,,,,,,10,,,,,,23,,,,,0,,,7,,,,,,,,,,,,17,,9,32,,9,35,,,,,2,,,,60,,,29,,,9,,1,,,8,17,,,,5,38,,12,,0,6.0,,8.0,1.0,,,1.0,1.0,,,,,
Bevis Marks,386.25,58.25,444.5,51.5149159,-0.0790581,POINT (-0.0790581 51.5149159),E01032739,City of London 001F,0,2,0,0,20,19,13,60,60,,,,,49,,,,,,,,,,16,,,,,,,,,,2,,,,,,20,,,,,1,,,4,,,,,,,,,,,,5,,4,12,,6,25,,,,,4,,,,60,,,13,,,0,,0,,,13,20,,,,9,59,,10,,0,1.0,,6.0,,,,1.0,,,1.0,,,
Birdcage Walk,1147.625,204.375,1352.0,51.5008415,-0.1349012,POINT (-0.1349012 51.5008415),E01004731,Westminster 020A,11,2,0,0,14,10,6,14,19,,,,,28,,,,,,,,,,6,,,,,,,,,,13,,,,,,10,,,,,0,,,4,,,,,,,,,,,,3,,7,3,,13,17,,,,,5,,,,58,,,9,,,7,,0,,,5,14,,,,4,34,,1,,0,1.0,,2.0,,,,,,,,,1.0,
Bishopsgate,2316.25,201.0,2517.25,51.5167977,-0.0810585,POINT (-0.0810585 51.5167977),E01032739,City of London 001F,60,3,0,0,18,23,10,60,60,,,,,40,,,,,,,,,,16,,,,,,,,,,1,,,,,,33,,,,,0,,,2,,,,,,,,,,,,4,,5,15,,3,27,,,,,5,,,,60,,,14,,,15,,0,,,12,24,,,,13,59,,10,,0,28.0,,3.0,,1.0,,,3.0,,,,,
Black Prince Road (east of Gibson Street),582.625,73.375,656.0,51.4907778,-0.1165276,POINT (-0.1165276 51.4907778),E01003112,Lambeth 002E,0,1,0,0,12,7,5,2,17,,,,,19,,,,,,,,,,0,,,,,,,,,,0,,,,,,6,,,,,0,,,6,,,,,,,,,,,,0,,3,10,,7,11,,,,,3,,,,30,,,18,,,0,,0,,,1,8,,,,2,35,,0,,0,1.0,1.0,,,,,3.0,,,,,,
Blackfriars Bridge,4189.125,752.75,4941.875,51.5072178,-0.1275862,POINT (-0.1275862 51.5072178),E01004736,Westminster 018C,26,1,1,1,33,13,20,26,60,,,,,28,,,,,,,,,,0,,,,,,,,,,15,,,,,,13,,,,,0,,,1,,,,,,,,,,,,18,,7,17,,10,13,,,,,4,,,,60,,,15,,,9,,0,,,6,15,,,,5,34,,2,,0,,,,,,,,,,,,,
Blackfriars Road,1701.875,119.625,1821.5,51.5034713,-0.1045305,POINT (-0.1045305 51.5034713),E01032583,Southwark 034D,11,1,0,0,17,12,8,6,20,,,,,45,,,,,,,,,,1,,,,,,,,,,1,,,,,,15,,,,,0,,,6,,,,,,,,,,,,4,,1,2,,7,14,,,,,2,,,,60,,,18,,,2,,0,,,5,21,,,,7,50,,4,,0,23.0,,14.0,,,,3.0,2.0,,,,,
Blackfriars Road (Southwark station),2332.125,209.25,2541.375,51.503926,-0.1049685,POINT (-0.1049685 51.503926),E01032583,Southwark 034D,10,1,0,0,18,10,8,6,27,,,,,39,,,,,,,,,,1,,,,,,,,,,1,,,,,,15,,,,,0,,,6,,,,,,,,,,,,4,,1,3,,7,17,,,,,2,,,,0,,,15,,,2,,0,,,5,20,,,,6,50,,4,,0,31.0,,9.0,,,,1.0,2.0,,,,,
Bloomsbury Street,742.75,78.875,821.625,51.5179545,-0.1277289,POINT (-0.1277289 51.5179545),E01000855,Camden 028A,56,0,1,1,40,16,29,29,60,,,,,37,,,,,,,,,,1,,,,,,,,,,5,,,,,,17,,,,,7,,,8,,,,,,,,,,,,19,,14,18,,10,27,,,,,4,,,,60,,,18,,,13,,1,,,9,19,,,,5,39,,12,,0,17.0,,8.0,6.0,,,4.0,3.0,,,,,
Bloomsbury Way,1979.625,170.375,2150.0,51.5178991,-0.1236687,POINT (-0.1236687 51.5178991),E01000918,Camden 028C,49,0,1,1,31,16,20,19,56,,,,,38,,,,,,,,,,1,,,,,,,,,,6,,,,,,12,,,,,7,,,5,,,,,,,,,,,,17,,14,15,,10,19,,,,,3,,,,60,,,30,,,13,,1,,,7,14,,,,4,48,,10,,0,16.0,1.0,8.0,,,,,6.0,,,,,
Borough High Street,2322.875,121.5,2437.5,51.5034702,-0.0915216,POINT (-0.0915216 51.5034702),E01003929,Southwark 002B,14,0,1,2,20,17,16,14,39,,,,,34,,,,,,,,,,2,,,,,,,,,,1,,,,,,14,,,,,1,,,4,,,,,,,,,,,,1,,7,3,,8,16,,,,,2,,,,60,,,15,,,2,,0,,,4,19,,,,4,36,,2,,0,8.0,3.0,2.0,,,,,1.0,,,,,
Borough Road,671.875,80.5,752.375,51.499018,-0.1005983,POINT (-0.1005983 51.499018),E01003932,Southwark 034B,13,0,1,0,18,24,6,15,18,,,,,31,,,,,,,,,,1,,,,,,,,,,1,,,,,,15,,,,,0,,,5,,,,,,,,,,,,2,,4,2,,13,11,,,,,1,,,,60,,,19,,,3,,0,,,5,24,,,,6,37,,4,,0,6.0,,27.0,,,,,,,,,,
Bridge Street,2978.375,530.375,3508.75,51.5009772,-0.1250766,POINT (-0.1250766 51.5009772),E01004733,Westminster 020C,8,1,0,1,5,5,6,6,18,,,,,27,,,,,,,,,,1,,,,,,,,,,11,,,,,,3,,,,,2,,,1,,,,,,,,,,,,2,,7,1,,8,19,,,,,7,,,,51,,,8,,,4,,0,,,5,9,,,,2,18,,2,,0,,,15.0,,,,,,,,,,
Brook Street,327.5,71.625,399.125,51.5128587,-0.1473358,POINT (-0.1473358 51.5128587),E01004761,Westminster 018D,60,2,0,1,60,7,12,35,54,,,,,27,,,,,,,,,,1,,,,,,,,,,14,,,,,,20,,,,,0,,,5,,,,,,,,,,,,3,,9,20,,13,33,,,,,0,,,,60,,,14,,,12,,1,,,6,10,,,,2,34,,8,,0,,,,,,,,,,,,,
Brushfield Street,410.25,63.25,473.5,51.5190309,-0.0770432,POINT (-0.0770432 51.5190309),E01004307,Tower Hamlets 015B,55,3,0,0,53,22,10,57,60,,,,,49,,,,,,,,,,11,,,,,,,,,,2,,,,,,26,,,,,0,,,3,,,,,,,,,,,,6,,6,15,,8,29,,,,,4,,,,60,,,17,,,13,,0,,,9,23,,,,5,50,,10,,0,11.0,,,1.0,1.0,,,,,,,,
Buckingham Gate,387.25,70.375,457.625,51.4993659,-0.1390216,POINT (-0.1390216 51.4993659),E01004736,Westminster 018C,13,1,0,0,5,11,11,13,26,,,,,32,,,,,,,,,,6,,,,,,,,,,13,,,,,,7,,,,,0,,,4,,,,,,,,,,,,2,,3,1,,10,17,,,,,2,,,,60,,,15,,,7,,0,,,4,14,,,,3,50,,1,,0,7.0,,3.0,,,,,,,,,,
Buckingham Palace Road,1074.25,144.25,1218.5,51.494868,-0.1462267,POINT (-0.1462267 51.494868),E01004750,Westminster 023E,17,1,0,0,12,12,13,15,24,,,,,51,,,,,,,,,,5,,,,,,,,,,19,,,,,,11,,,,,0,,,10,,,,,,,,,,,,2,,2,1,,0,16,,,,,2,,,,60,,,18,,,9,,0,,,3,14,,,,4,55,,2,,0,10.0,,18.0,,2.0,,1.0,,,,,,
Bunhill Row,897.125,135.0,1032.125,51.5230794,-0.0898267,POINT (-0.0898267 51.5230794),E01002704,Islington 023D,57,2,0,0,26,19,5,32,54,,,,,37,,,,,,,,,,15,,,,,,,,,,3,,,,,,20,,,,,0,,,8,,,,,,,,,,,,5,,5,8,,9,28,,,,,8,,,,60,,,17,,,6,,0,,,7,16,,,,4,46,,3,,0,2.0,,3.0,,,,1.0,,,,,,
Calthorpe Street,936.5,68.375,1004.875,51.5253591,-0.1143613,POINT (-0.1143613 51.5253591),E01000936,Camden 024A,30,1,0,0,14,15,10,11,19,,,,,38,,,,,,,,,,3,,,,,,,,,,3,,,,,,8,,,,,4,,,7,,,,,,,,,,,,2,,5,4,,13,28,,,,,2,,,,60,,,19,,,5,,0,,,6,17,,,,8,48,,8,,0,3.0,1.0,5.0,,,,,1.0,,1.0,,,
Cannon Street,852.625,97.25,949.875,51.5119949,-0.091962,POINT (-0.091962 51.5119949),E01032739,City of London 001F,51,0,0,0,8,15,17,60,55,,,,,39,,,,,,,,,,39,,,,,,,,,,1,,,,,,24,,,,,0,,,0,,,,,,,,,,,,2,,7,5,,2,10,,,,,3,,,,60,,,5,,,8,,0,,,9,16,,,,6,57,,1,,0,5.0,,,,,,,3.0,,,,,
Carey Street,262.125,35.0,297.125,51.5148299,-0.1138242,POINT (-0.1138242 51.5148299),E01000914,Camden 028B,56,1,0,1,16,17,10,23,34,,,,,31,,,,,,,,,,5,,,,,,,,,,7,,,,,,12,,,,,1,,,3,,,,,,,,,,,,4,,11,9,,8,18,,,,,3,,,,60,,,19,,,7,,0,,,7,14,,,,0,35,,5,,0,,,5.0,1.0,,,,,,,,,
Carlisle Place,118.5,36.375,154.875,51.4954186,-0.1409337,POINT (-0.1409337 51.4954186),E01004748,Westminster 020E,17,1,0,0,7,14,16,15,27,,,,,51,,,,,,,,,,5,,,,,,,,,,14,,,,,,10,,,,,0,,,10,,,,,,,,,,,,2,,3,1,,6,26,,,,,4,,,,60,,,20,,,10,,0,,,5,18,,,,4,58,,2,,0,,,4.0,,,,,,,,,,
Carlisle Street,326.75,38.5,365.25,51.5149779,-0.1333939,POINT (-0.1333939 51.5149779),E01004763,Westminster 013B,60,1,1,3,60,21,30,49,60,,,,,19,,,,,,,,,,1,,,,,,,,,,11,,,,,,23,,,,,0,,,8,,,,,,,,,,,,27,,11,39,,10,36,,,,,3,,,,60,,,17,,,16,,1,,,6,0,,,,5,34,,10,,0,3.0,,11.0,,,,,7.0,,,,,
Central Street,426.875,57.375,484.25,51.5270957,-0.096799,POINT (-0.096799 51.5270957),E01002702,Islington 023B,45,2,0,0,19,15,5,8,19,,,,,40,,,,,,,,,,5,,,,,,,,,,2,,,,,,11,,,,,0,,,8,,,,,,,,,,,,1,,4,5,,9,24,,,,,3,,,,51,,,22,,,6,,0,,,3,22,,,,1,51,,2,,0,,,17.0,,,,1.0,,,,,,
Charing Cross Road,1034.8125,130.75,1165.5625,51.5127939,-0.1288519,POINT (-0.1288519 51.5127939),E01004734,Westminster 018A,60,1,1,2,54,19,37,38,60,,,,,48,,,,,,,,,,1,,,,,,,,,,14,,,,,,19,,,,,0,,,5,,,,,,,,,,,,29,,9,36,,9,32,,,,,5,,,,60,,,0,,,18,,0,,,6,27,,,,6,52,,4,,0,13.0,,4.0,,1.0,,3.0,2.0,1.0,,,,
Charterhouse Street,870.75,126.625,997.375,51.5190522,-0.1037222,POINT (-0.1037222 51.5190522),E01002724,Islington 022D,55,2,0,0,15,19,10,28,37,,,,,37,,,,,,,,,,14,,,,,,,,,,2,,,,,,13,,,,,0,,,6,,,,,,,,,,,,1,,10,8,,9,20,,,,,1,,,,60,,,15,,,5,,0,,,8,20,,,,5,54,,9,,0,,,2.0,,,,,,,,,,
Churchyard Row,985.25,55.625,1040.875,51.4928993,-0.1026195,POINT (-0.1026195 51.4928993),E01003933,Southwark 034C,14,0,1,0,10,12,5,7,8,,,,,36,,,,,,,,,,1,,,,,,,,,,0,,,,,,7,,,,,0,,,5,,,,,,,,,,,,0,,3,3,,12,10,,,,,3,,,,39,,,24,,,3,,0,,,4,18,,,,3,40,,4,,0,,,,,,,,,,,,,
City Road,1420.875,111.375,1532.25,51.5290552,-0.0947748,POINT (-0.0947748 51.5290552),E01001779,Hackney 026A,54,3,0,0,17,14,6,9,15,,,,,36,,,,,,,,,,2,,,,,,,,,,1,,,,,,11,,,,,0,,,10,,,,,,,,,,,,1,,4,7,,8,20,,,,,3,,,,38,,,20,,,7,,0,,,2,18,,,,1,48,,2,,0,1.0,,7.0,1.0,1.0,,1.0,,,,,,
Claremont Square,1991.0,62.625,2053.625,51.5312201,-0.1103429,POINT (-0.1103429 51.5312201),E01002728,Islington 021D,15,0,1,0,13,10,7,0,20,,,,,35,,,,,,,,,,3,,,,,,,,,,2,,,,,,10,,,,,1,,,7,,,,,,,,,,,,3,,3,5,,6,18,,,,,2,,,,60,,,20,,,1,,0,,,2,16,,,,1,51,,4,,0,,,13.0,,,,,,,,,,
Clerkenwell Road (East),2577.25,287.5,2864.75,51.5222968,-0.1057193,POINT (-0.1057193 51.5222968),E01002724,Islington 022D,44,2,0,0,13,18,10,14,31,,,,,47,,,,,,,,,,12,,,,,,,,,,3,,,,,,10,,,,,2,,,7,,,,,,,,,,,,0,,11,7,,10,24,,,,,0,,,,60,,,16,,,4,,0,,,7,16,,,,3,52,,10,,0,3.0,,8.0,,,,3.0,,,,,,
Clerkenwell Road (West),2154.875,241.75,2396.625,51.5222968,-0.1057193,POINT (-0.1057193 51.5222968),E01002724,Islington 022D,44,2,0,0,13,18,10,14,31,,,,,47,,,,,,,,,,12,,,,,,,,,,3,,,,,,10,,,,,2,,,7,,,,,,,,,,,,0,,11,7,,10,24,,,,,0,,,,60,,,16,,,4,,0,,,7,16,,,,3,52,,10,,0,3.0,,8.0,,,,3.0,,,,,,
Constitution Hill,1804.125,385.0,2189.125,51.502313,-0.1457407,POINT (-0.1457407 51.502313),E01004736,Westminster 018C,12,1,0,0,49,6,4,15,36,,,,,0,,,,,,,,,,5,,,,,,,,,,19,,,,,,9,,,,,0,,,2,,,,,,,,,,,,3,,4,11,,15,12,,,,,0,,,,60,,,8,,,9,,0,,,4,9,,,,0,34,,2,,0,,,,,,,,,,,,,
Crucifix Lane/Druid Street,133.75,14.5,148.25,51.5021863,-0.0801087,POINT (-0.0801087 51.5021863),E01004027,Southwark 003E,8,0,2,2,22,14,15,13,36,,,,,27,,,,,,,,,,12,,,,,,,,,,0,,,,,,11,,,,,1,,,4,,,,,,,,,,,,1,,9,1,,6,15,,,,,2,,,,60,,,8,,,2,,0,,,4,15,,,,2,38,,1,,0,,,3.0,,,,,,,,,,
Devonshire Street,259.125,39.5,298.625,51.5217771,-0.1474986,POINT (-0.1474986 51.5217771),E01004713,Westminster 011A,49,1,0,1,27,8,9,14,28,,,,,16,,,,,,,,,,0,,,,,,,,,,12,,,,,,18,,,,,5,,,6,,,,,,,,,,,,2,,7,6,,14,27,,,,,1,,,,40,,,29,,,3,,1,,,7,13,,,,2,19,,10,,0,6.0,,26.0,,,,,,,,,,
Drury Lane,383.0,56.25,439.25,51.5143917,-0.1216506,POINT (-0.1216506 51.5143917),E01004735,Westminster 018B,54,2,0,1,35,15,30,27,60,,,,,35,,,,,,,,,,1,,,,,,,,,,10,,,,,,13,,,,,1,,,4,,,,,,,,,,,,19,,13,12,,9,27,,,,,3,,,,60,,,31,,,10,,0,,,7,16,,,,4,50,,5,,0,2.0,,12.0,,,,,,,,,,
Eagle Street,53.5,3.0,56.5,51.5186422,-0.1179368,POINT (-0.1179368 51.5186422),E01000914,Camden 028B,51,1,0,1,27,17,17,16,32,,,,,40,,,,,,,,,,2,,,,,,,,,,5,,,,,,14,,,,,6,,,6,,,,,,,,,,,,7,,13,7,,9,30,,,,,2,,,,60,,,32,,,14,,0,,,6,14,,,,3,48,,9,,0,10.0,,20.0,,,,,,,,,,
Eastcheap,802.375,119.375,921.75,51.510721,-0.0845116,POINT (-0.0845116 51.510721),E01032739,City of London 001F,60,0,2,0,9,18,14,60,40,,,,,40,,,,,,,,,,38,,,,,,,,,,1,,,,,,31,,,,,0,,,1,,,,,,,,,,,,2,,7,12,,3,11,,,,,3,,,,60,,,7,,,8,,0,,,13,19,,,,8,51,,5,,0,18.0,,12.0,,1.0,,1.0,,,,,,
Emery Hill Street,148.125,33.125,181.25,51.4950784,-0.1370146,POINT (-0.1370146 51.4950784),E01004744,Westminster 020D,16,1,0,0,10,14,12,17,27,,,,,40,,,,,,,,,,5,,,,,,,,,,13,,,,,,10,,,,,0,,,9,,,,,,,,,,,,2,,5,1,,6,24,,,,,2,,,,20,,,20,,,9,,1,,,5,18,,,,4,57,,1,,0,,,21.0,,,,1.0,,,,,,
Farringdon Road (near station),2257.625,180.625,2438.25,51.5230636,-0.1079118,POINT (-0.1079118 51.5230636),E01002724,Islington 022D,39,1,0,0,14,18,10,11,31,,,,,47,,,,,,,,,,10,,,,,,,,,,3,,,,,,11,,,,,2,,,7,,,,,,,,,,,,0,,10,7,,10,25,,,,,2,,,,60,,,18,,,3,,0,,,7,16,,,,3,50,,10,,0,21.0,2.0,2.0,,,,1.0,,,,,,
Farringdon Street,3289.5,384.625,3674.125,51.5230636,-0.1079118,POINT (-0.1079118 51.5230636),E01002724,Islington 022D,39,1,0,0,14,18,10,11,31,,,,,47,,,,,,,,,,10,,,,,,,,,,3,,,,,,11,,,,,2,,,7,,,,,,,,,,,,0,,10,7,,10,25,,,,,2,,,,60,,,18,,,3,,0,,,7,16,,,,3,50,,10,,0,,,14.0,,,,2.0,2.0,,,,,
Fetter Lane,577.25,75.875,653.125,51.5160581,-0.1092154,POINT (-0.1092154 51.5160581),E01032740,City of London 001G,48,2,0,0,13,15,7,20,45,,,,,32,,,,,,,,,,8,,,,,,,,,,5,,,,,,15,,,,,2,,,2,,,,,,,,,,,,2,,11,7,,8,17,,,,,2,,,,60,,,18,,,4,,0,,,7,16,,,,8,39,,6,,0,6.0,,3.0,,,,,,,,1.0,1.0,
Fitzroy Street,239.25,41.125,280.375,51.5228485,-0.13922,POINT (-0.13922 51.5228485),E01000854,Camden 026D,47,1,0,1,33,9,10,25,32,,,,,32,,,,,,,,,,0,,,,,,,,,,7,,,,,,16,,,,,5,,,5,,,,,,,,,,,,4,,9,5,,6,0,,,,,3,,,,60,,,14,,,3,,1,,,7,16,,,,4,37,,13,,0,2.0,,16.0,,,,1.0,2.0,,,,,
Fleet Street,925.625,122.75,1048.375,51.5142243,-0.1079636,POINT (-0.1079636 51.5142243),E01032740,City of London 001G,39,2,0,0,14,15,7,20,37,,,,,18,,,,,,,,,,10,,,,,,,,,,4,,,,,,12,,,,,1,,,1,,,,,,,,,,,,2,,9,7,,7,13,,,,,2,,,,60,,,10,,,5,,0,,,8,13,,,,10,36,,4,,0,6.0,,5.0,2.0,1.0,,3.0,2.0,,,,,
Garrick Street,266.5,75.125,341.625,51.511589,-0.1262425,POINT (-0.1262425 51.511589),E01004735,Westminster 018B,53,1,1,2,40,18,33,30,60,,,,,40,,,,,,,,,,1,,,,,,,,,,16,,,,,,16,,,,,0,,,2,,,,,,,,,,,,27,,12,31,,5,21,,,,,5,,,,60,,,27,,,14,,0,,,7,24,,,,6,52,,2,,0,15.0,,22.0,1.0,,,3.0,,,,,,
Golden Lane,394.0,96.625,490.75,51.5224052,-0.0946565,POINT (-0.0946565 51.5224052),E01002706,Islington 023E,57,2,0,0,11,20,4,20,37,,,,,32,,,,,,,,,,16,,,,,,,,,,2,,,,,,0,,,,,1,,,8,,,,,,,,,,,,4,,10,8,,9,25,,,,,4,,,,60,,,18,,,4,,0,,,8,21,,,,6,38,,3,,0,,,,,,,,,,,,,
Gordon Square,385.125,49.0,434.125,51.524466,-0.1304071,POINT (-0.1304071 51.524466),E01000852,Camden 026C,26,1,0,0,26,8,9,19,27,,,,,33,,,,,,,,,,1,,,,,,,,,,4,,,,,,7,,,,,4,,,8,,,,,,,,,,,,5,,11,2,,10,18,,,,,2,,,,60,,,12,,,4,,1,,,9,19,,,,7,38,,12,,0,,,21.0,,,,1.0,,,,,,
Goswell Road (north),611.25,86.5,697.75,51.5269301,-0.1002733,POINT (-0.1002733 51.5269301),E01002703,Islington 023C,31,2,0,0,19,15,9,0,19,,,,,36,,,,,,,,,,7,,,,,,,,,,2,,,,,,13,,,,,0,,,10,,,,,,,,,,,,1,,2,3,,13,19,,,,,3,,,,58,,,25,,,3,,0,,,2,18,,,,0,39,,3,,0,6.0,,20.0,,1.0,,1.0,,,,,,
Goswell Road (south),838.625,125.125,963.75,51.5269301,-0.1002733,POINT (-0.1002733 51.5269301),E01002703,Islington 023C,31,2,0,0,19,15,9,0,19,,,,,36,,,,,,,,,,7,,,,,,,,,,2,,,,,,13,,,,,0,,,10,,,,,,,,,,,,1,,2,3,,13,19,,,,,3,,,,58,,,25,,,3,,0,,,2,18,,,,0,39,,3,,0,1.0,,7.0,,,,1.0,,,,,,
Gracechurch Street,2120.875,191.875,2312.75,51.5119496,-0.0850996,POINT (-0.0850996 51.5119496),E01032739,City of London 001F,58,0,0,0,8,20,13,60,60,,,,,40,,,,,,,,,,39,,,,,,,,,,1,,,,,,31,,,,,0,,,2,,,,,,,,,,,,2,,5,12,,2,15,,,,,5,,,,60,,,10,,,11,,0,,,13,16,,,,8,54,,6,,0,20.0,,2.0,,4.0,,,5.0,2.0,,,,
Grays Inn Road (north),752.375,127.75,880.125,51.5247591,-0.1163392,POINT (-0.1163392 51.5247591),E01000936,Camden 024A,31,0,0,0,21,13,10,9,29,,,,,36,,,,,,,,,,2,,,,,,,,,,4,,,,,,7,,,,,7,,,7,,,,,,,,,,,,2,,6,4,,12,24,,,,,2,,,,60,,,15,,,6,,0,,,7,15,,,,5,51,,7,,0,4.0,,6.0,,2.0,,,,1.0,,,1.0,
Grays Inn Road (south),1068.375,123.75,1192.125,51.5247591,-0.1163392,POINT (-0.1163392 51.5247591),E01000936,Camden 024A,31,0,0,0,21,13,10,9,29,,,,,36,,,,,,,,,,2,,,,,,,,,,4,,,,,,7,,,,,7,,,7,,,,,,,,,,,,2,,6,4,,12,24,,,,,2,,,,60,,,15,,,6,,0,,,7,15,,,,5,51,,7,,0,4.0,,6.0,,2.0,,,,1.0,,,1.0,
Great Dover Street,585.5,30.875,616.375,51.4977112,-0.0898965,POINT (-0.0898965 51.4977112),E01003936,Southwark 009A,12,1,2,2,19,20,4,12,20,,,,,18,,,,,,,,,,2,,,,,,,,,,0,,,,,,10,,,,,1,,,5,,,,,,,,,,,,1,,3,1,,15,15,,,,,2,,,,38,,,18,,,4,,0,,,2,18,,,,4,37,,2,,0,3.0,,8.0,,,,,,,,,,
Great Ormond Street,178.375,9.0,187.375,51.5220969,-0.1195671,POINT (-0.1195671 51.5220969),E01000915,Camden 027A,29,0,0,0,20,14,8,12,26,,,,,45,,,,,,,,,,2,,,,,,,,,,5,,,,,,10,,,,,7,,,9,,,,,,,,,,,,4,,11,4,,14,28,,,,,2,,,,60,,,19,,,6,,0,,,5,12,,,,1,49,,11,,0,2.0,,23.0,,1.0,,1.0,,,,,,
Great Queen Street,766.125,94.5,860.625,51.5155611,-0.1209983,POINT (-0.1209983 51.5155611),E01000918,Camden 028C,53,2,0,1,33,14,19,24,60,,,,,37,,,,,,,,,,1,,,,,,,,,,8,,,,,,12,,,,,3,,,5,,,,,,,,,,,,16,,14,12,,9,24,,,,,3,,,,60,,,32,,,10,,0,,,6,14,,,,3,40,,8,,0,10.0,,13.0,,,,1.0,,1.0,,,,
Great Smith Street (north of Little Smith Street),670.625,141.625,812.25,51.4981323,-0.1298895,POINT (-0.1298895 51.4981323),E01004732,Westminster 020B,2,1,0,1,3,7,6,8,8,,,,,27,,,,,,,,,,6,,,,,,,,,,8,,,,,,6,,,,,0,,,2,,,,,,,,,,,,2,,7,0,,5,15,,,,,5,,,,36,,,14,,,6,,1,,,3,9,,,,1,37,,2,,0,,,2.0,,,,1.0,,,,,,
Green Park (Cycle Lane only),1491.875,532.625,2024.5,51.5039038,-0.1438567,POINT (-0.1438567 51.5039038),E01004736,Westminster 018C,23,2,0,0,60,5,5,24,33,,,,,0,,,,,,,,,,3,,,,,,,,,,16,,,,,,10,,,,,2,,,2,,,,,,,,,,,,3,,5,13,,16,15,,,,,0,,,,60,,,9,,,10,,0,,,5,11,,,,1,25,,4,,0,,,,,,,,,,,,,
Gresham Street,584.125,71.125,655.25,51.5154852,-0.0935251,POINT (-0.0935251 51.5154852),E01000002,City of London 001B,52,0,0,0,7,18,8,60,60,,,,,34,,,,,,,,,,20,,,,,,,,,,1,,,,,,25,,,,,0,,,1,,,,,,,,,,,,4,,6,6,,5,17,,,,,2,,,,60,,,11,,,6,,0,,,12,21,,,,10,51,,2,,0,4.0,,10.0,,,,,,,,,1.0,
Greville Street,184.5,19.0,203.5,51.5194729,-0.1073195,POINT (-0.1073195 51.5194729),E01000916,Camden 027B,56,2,0,0,15,21,8,18,35,,,,,37,,,,,,,,,,10,,,,,,,,,,5,,,,,,14,,,,,1,,,4,,,,,,,,,,,,0,,13,6,,9,25,,,,,2,,,,60,,,15,,,5,,0,,,8,17,,,,4,49,,9,,0,2.0,,20.0,,,,,,,,,,
Grosvenor Street,235.5,35.375,270.875,51.5116643,-0.1475014,POINT (-0.1475014 51.5116643),E01004761,Westminster 018D,60,3,0,0,60,8,10,34,54,,,,,31,,,,,,,,,,0,,,,,,,,,,15,,,,,,16,,,,,0,,,5,,,,,,,,,,,,3,,7,20,,11,32,,,,,0,,,,60,,,12,,,12,,1,,,7,9,,,,2,36,,7,,0,9.0,2.0,25.0,,,,1.0,4.0,,,,,
Haymarket,343.875,71.875,415.75,51.5088407,-0.1320137,POINT (-0.1320137 51.5088407),E01004734,Westminster 018A,50,2,1,2,60,16,30,36,60,,,,,19,,,,,,,,,,0,,,,,,,,,,16,,,,,,17,,,,,0,,,4,,,,,,,,,,,,20,,10,37,,14,30,,,,,5,,,,60,,,17,,,16,,0,,,5,17,,,,6,31,,2,,0,,,15.0,,,,,6.0,,,,,
Hercules Road,187.0,37.75,224.75,51.4972967,-0.1140162,POINT (-0.1140162 51.4972967),E01003014,Lambeth 036B,9,0,0,1,8,6,6,3,19,,,,,29,,,,,,,,,,0,,,,,,,,,,0,,,,,,5,,,,,2,,,6,,,,,,,,,,,,0,,4,0,,8,17,,,,,4,,,,52,,,18,,,2,,0,,,5,16,,,,4,33,,0,,0,,,,,,,,,,,,,
High Holborn,1833.375,294.875,2128.25,51.5176953,-0.1192532,POINT (-0.1192532 51.5176953),E01000914,Camden 028B,45,1,0,1,29,16,16,18,40,,,,,49,,,,,,,,,,2,,,,,,,,,,5,,,,,,13,,,,,4,,,6,,,,,,,,,,,,8,,13,9,,10,26,,,,,2,,,,60,,,33,,,14,,0,,,7,14,,,,5,40,,8,,0,29.0,2.0,6.0,,,,,2.0,,,,,
Holborn,1816.25,311.625,2130.375,51.5175802,-0.1145147,POINT (-0.1145147 51.5175802),E01000914,Camden 028B,59,1,0,1,13,18,12,20,33,,,,,38,,,,,,,,,,4,,,,,,,,,,6,,,,,,13,,,,,4,,,5,,,,,,,,,,,,4,,12,7,,9,27,,,,,2,,,,60,,,32,,,9,,0,,,8,19,,,,7,44,,10,,0,,,,,,,,,,,,,
Horse Guards Avenue,293.5,44.0,337.5,51.5049443,-0.1248179,POINT (-0.1248179 51.5049443),E01004736,Westminster 018C,18,2,0,1,14,8,10,13,50,,,,,33,,,,,,,,,,1,,,,,,,,,,15,,,,,,7,,,,,2,,,0,,,,,,,,,,,,12,,7,10,,7,13,,,,,9,,,,60,,,14,,,4,,0,,,7,10,,,,7,36,,2,,0,23.0,,2.0,,,,,1.0,,,,,
Horseferry Road (east of Tufton Street),504.0,85.75,589.75,51.4948593,-0.1295322,POINT (-0.1295322 51.4948593),E01004743,Westminster 021B,5,1,0,1,10,8,9,8,13,,,,,30,,,,,,,,,,5,,,,,,,,,,9,,,,,,6,,,,,1,,,4,,,,,,,,,,,,1,,7,2,,5,17,,,,,4,,,,52,,,17,,,4,,1,,,4,12,,,,2,40,,2,,0,,,6.0,,,,,,,,,,
Houndsditch,301.0,45.375,346.375,51.5155738,-0.0790536,POINT (-0.0790536 51.5155738),E01000005,City of London 001E,60,3,0,0,27,23,12,60,60,,,,,50,,,,,,,,,,17,,,,,,,,,,2,,,,,,32,,,,,1,,,4,,,,,,,,,,,,5,,3,13,,6,20,,,,,4,,,,60,,,13,,,13,,0,,,11,22,,,,9,58,,10,,0,4.0,,14.0,,2.0,,2.0,,,,,,
Hunter Street,816.75,143.875,960.625,51.525436,-0.1233138,POINT (-0.1233138 51.525436),E01000937,Camden 025B,27,2,0,0,17,11,5,13,19,,,,,32,,,,,,,,,,1,,,,,,,,,,3,,,,,,5,,,,,4,,,5,,,,,,,,,,,,4,,11,1,,10,24,,,,,2,,,,40,,,16,,,4,,1,,,5,16,,,,6,36,,9,,0,,,,,,,,,,,,,
Jewry Street,272.875,60.25,333.125,51.5129701,-0.0765979,POINT (-0.0765979 51.5129701),E01032739,City of London 001F,55,2,0,0,17,22,8,57,60,,,,,38,,,,,,,,,,14,,,,,,,,,,3,,,,,,26,,,,,1,,,5,,,,,,,,,,,,4,,3,9,,7,27,,,,,4,,,,60,,,16,,,10,,0,,,10,18,,,,7,49,,10,,0,2.0,3.0,3.0,1.0,,,,,,,,,
Juxton Street,166.0,18.75,184.75,51.4942523,-0.1162051,POINT (-0.1162051 51.4942523),E01003015,Lambeth 002A,7,1,0,0,12,7,3,2,10,,,,,17,,,,,,,,,,0,,,,,,,,,,0,,,,,,0,,,,,3,,,7,,,,,,,,,,,,0,,4,3,,7,16,,,,,4,,,,17,,,17,,,0,,0,,,2,11,,,,1,32,,0,,0,,,24.0,,,,,,,,,,
Kennington Road (north),1583.0,82.375,1666.125,51.4917986,-0.1110123,POINT (-0.1110123 51.4917986),E01003110,Lambeth 002C,10,0,0,0,12,8,3,2,9,,,,,13,,,,,,,,,,0,,,,,,,,,,0,,,,,,3,,,,,0,,,6,,,,,,,,,,,,0,,4,2,,8,9,,,,,2,,,,27,,,25,,,2,,0,,,2,6,,,,0,33,,2,,0,4.0,,8.0,,,,1.0,,1.0,,,,
Kennington Road (south of Brook Drive),2114.5,113.0,2227.5,51.4917986,-0.1110123,POINT (-0.1110123 51.4917986),E01003110,Lambeth 002C,10,0,0,0,12,8,3,2,9,,,,,13,,,,,,,,,,0,,,,,,,,,,0,,,,,,3,,,,,0,,,6,,,,,,,,,,,,0,,4,2,,8,9,,,,,2,,,,27,,,25,,,2,,0,,,2,6,,,,0,33,,2,,0,1.0,,10.0,1.0,,,,,,,,,
Kings Cross Road,937.625,102.625,1040.25,51.5287376,-0.1157106,POINT (-0.1157106 51.5287376),E01002729,Islington 021E,19,1,0,0,11,12,9,13,26,,,,,39,,,,,,,,,,4,,,,,,,,,,2,,,,,,6,,,,,0,,,6,,,,,,,,,,,,3,,6,4,,6,18,,,,,2,,,,60,,,15,,,4,,0,,,5,19,,,,7,49,,3,,0,6.0,,7.0,,,,,,,,,,
Kingsway,728.5,81.5,810.0,51.5154275,-0.1188867,POINT (-0.1188867 51.5154275),E01000914,Camden 028B,49,1,0,1,33,16,17,24,56,,,,,36,,,,,,,,,,3,,,,,,,,,,7,,,,,,14,,,,,3,,,4,,,,,,,,,,,,8,,0,11,,10,26,,,,,3,,,,60,,,32,,,12,,0,,,5,12,,,,4,40,,8,,0,,,11.0,,,,,5.0,,,,,
Lambeth Bridge,1430.875,172.75,1603.625,51.4945439,-0.1231674,POINT (-0.1231674 51.4945439),0,0,4,1,0,0,10,7,3,4,14,,,,,25,,,,,,,,,,1,,,,,,,,,,6,,,,,,8,,,,,2,,,3,,,,,,,,,,,,0,,6,3,,6,17,,,,,6,,,,32,,,13,,,1,,0,,,3,9,,,,1,35,,1,,0,4.0,,19.0,2.0,2.0,,2.0,4.0,,,,,
Lambeth High Street,379.125,44.375,423.5,51.4933395,-0.1199618,POINT (-0.1199618 51.4933395),E01003112,Lambeth 002E,7,1,0,0,13,8,4,3,11,,,,,18,,,,,,,,,,0,,,,,,,,,,2,,,,,,8,,,,,1,,,2,,,,,,,,,,,,0,,6,5,,7,13,,,,,5,,,,20,,,15,,,0,,0,,,1,10,,,,1,36,,1,,0,1.0,,13.0,,,,2.0,,,,,,
Lambeth Palace Road,1312.25,159.75,1484.5,51.4976669,-0.11899,POINT (-0.11899 51.4976669),E01003014,Lambeth 036B,6,1,0,1,7,5,7,3,17,,,,,40,,,,,,,,,,0,,,,,,,,,,0,,,,,,5,,,,,2,,,2,,,,,,,,,,,,1,,7,0,,8,16,,,,,5,,,,53,,,14,,,2,,0,,,4,12,,,,5,50,,1,,0,4.0,,7.0,2.0,2.0,,,1.0,,,,,
Lambeth Road,1090.25,117.5,1207.75,51.4962192,-0.1125885,POINT (-0.1125885 51.4962192),E01003014,Lambeth 036B,9,0,0,1,11,6,3,2,15,,,,,14,,,,,,,,,,0,,,,,,,,,,0,,,,,,5,,,,,2,,,6,,,,,,,,,,,,0,,5,1,,9,17,,,,,2,,,,49,,,19,,,0,,0,,,2,15,,,,2,19,,1,,0,1.0,,12.0,,1.0,1.0,,,,,,1.0,
Lambeth Road (west of St. George's Road),1087.875,129.875,1217.75,51.496377,-0.1118625,POINT (-0.1118625 51.496377),E01003014,Lambeth 036B,9,0,0,1,11,6,0,2,16,,,,,15,,,,,,,,,,0,,,,,,,,,,0,,,,,,5,,,,,2,,,6,,,,,,,,,,,,0,,5,1,,9,17,,,,,2,,,,50,,,20,,,3,,0,,,2,15,,,,3,33,,2,,0,1.0,,6.0,,,,,,,,,,
Lambeth Walk,233.75,42.625,276.375,51.49392,-0.1152282,POINT (-0.1152282 51.49392),E01003112,Lambeth 002E,7,0,0,0,13,8,3,2,11,,,,,17,,,,,,,,,,0,,,,,,,,,,0,,,,,,5,,,,,3,,,7,,,,,,,,,,,,0,,4,4,,6,15,,,,,4,,,,18,,,18,,,0,,0,,,2,11,,,,1,34,,0,,0,,,,,,,,,,,,,
Lambs Conduit Street,605.875,101.25,707.125,51.5216251,-0.1183173,POINT (-0.1183173 51.5216251),E01000920,Camden 027D,32,0,0,1,19,14,9,13,29,,,,,48,,,,,,,,,,3,,,,,,,,,,4,,,,,,12,,,,,4,,,9,,,,,,,,,,,,5,,12,5,,14,30,,,,,2,,,,60,,,18,,,8,,0,,,5,14,,,,2,51,,9,,0,18.0,7.0,,,,,,,,,,,
Leadenhall Street,854.25,102.625,956.875,51.5135042,-0.0809085,POINT (-0.0809085 51.5135042),E01032739,City of London 001F,60,2,0,0,19,22,10,60,60,,,,,51,,,,,,,,,,18,,,,,,,,,,1,,,,,,31,,,,,0,,,2,,,,,,,,,,,,4,,4,12,,3,18,,,,,5,,,,60,,,14,,,11,,0,,,14,19,,,,11,60,,10,,0,4.0,,1.0,,,,,,,,,,
Lime Street,255.5,12.75,268.25,51.5124719,-0.0823905,POINT (-0.0823905 51.5124719),E01032739,City of London 001F,58,1,0,0,12,21,10,60,60,,,,,40,,,,,,,,,,19,,,,,,,,,,1,,,,,,33,,,,,0,,,2,,,,,,,,,,,,1,,5,10,,4,16,,,,,4,,,,60,,,12,,,8,,0,,,14,18,,,,11,56,,8,,0,8.0,,5.0,,,,,1.0,,,,,
Lloyd Baker Street,310.5,11.25,321.75,51.5279991,-0.1120292,POINT (-0.1120292 51.5279991),E01002729,Islington 021E,25,1,0,0,14,9,7,11,15,,,,,35,,,,,,,,,,4,,,,,,,,,,3,,,,,,7,,,,,2,,,7,,,,,,,,,,,,1,,8,5,,8,17,,,,,1,,,,60,,,19,,,3,,0,,,3,13,,,,1,52,,7,,0,,,18.0,,,,,,,,,,
London Bridge,4135.625,315.75,4451.375,51.5078788,-0.0877321,POINT (-0.0877321 51.5078788),0,0,31,0,2,2,12,18,14,57,60,,,,,32,,,,,,,,,,16,,,,,,,,,,0,,,,,,26,,,,,1,,,0,,,,,,,,,,,,2,,9,0,,6,0,,,,,1,,,,60,,,10,,,7,,0,,,10,23,,,,6,38,,2,,0,29.0,2.0,5.0,1.0,,,,5.0,,,,,
London Road,1093.75,45.5,1139.25,51.496991,-0.1025916,POINT (-0.1025916 51.496991),E01003932,Southwark 034B,14,0,1,0,14,18,6,5,13,,,,,33,,,,,,,,,,2,,,,,,,,,,0,,,,,,10,,,,,0,,,6,,,,,,,,,,,,0,,3,2,,15,13,,,,,2,,,,51,,,28,,,3,,0,,,4,19,,,,4,52,,4,,0,,,,,,,,,,,,,
London Wall (east),664.125,122.5,786.625,51.5098895,-0.0760332,POINT (-0.0760332 51.5098895),E01004293,Tower Hamlets 027B,32,0,2,0,9,16,6,37,50,,,,,35,,,,,,,,,,17,,,,,,,,,,2,,,,,,19,,,,,2,,,3,,,,,,,,,,,,1,,6,8,,7,25,,,,,1,,,,60,,,10,,,6,,0,,,8,16,,,,6,37,,4,,0,2.0,,8.0,,,,,3.0,,,,,
London Wall (west),534.875,139.5,674.375,51.5174971,-0.0900038,POINT (-0.0900038 51.5174971),E01000002,City of London 001B,55,1,0,0,11,18,8,60,58,,,,,37,,,,,,,,,,59,,,,,,,,,,1,,,,,,20,,,,,1,,,2,,,,,,,,,,,,4,,6,7,,5,25,,,,,5,,,,60,,,14,,,9,,0,,,12,17,,,,7,58,,2,,0,7.0,1.0,9.0,,,,,,,1.0,,,
Long Lane,379.125,44.75,423.875,51.4997391,-0.0869212,POINT (-0.0869212 51.4997391),E01003938,Southwark 006A,11,1,3,2,26,17,14,16,40,,,,,29,,,,,,,,,,10,,,,,,,,,,0,,,,,,10,,,,,1,,,4,,,,,,,,,,,,2,,6,1,,14,16,,,,,4,,,,60,,,16,,,2,,0,,,4,18,,,,2,37,,2,,0,,,,,,,,,,,,,
Lower Thames Street,2309.0,313.75,2622.75,51.5091496,-0.0831962,POINT (-0.0831962 51.5091496),E01032739,City of London 001F,39,0,2,0,9,25,14,60,60,,,,,39,,,,,,,,,,18,,,,,,,,,,0,,,,,,20,,,,,1,,,1,,,,,,,,,,,,2,,10,8,,4,13,,,,,1,,,,60,,,6,,,7,,0,,,12,24,,,,10,40,,5,,0,6.0,,9.0,,,,,4.0,,,,,
Mabledon Place,718.125,60.375,778.5,51.5280801,-0.1275963,POINT (-0.1275963 51.5280801),E01000942,Camden 025D,19,1,1,0,12,10,6,11,28,,,,,31,,,,,,,,,,2,,,,,,,,,,1,,,,,,10,,,,,3,,,6,,,,,,,,,,,,3,,10,2,,7,18,,,,,3,,,,60,,,13,,,4,,0,,,8,18,,,,7,32,,7,,0,8.0,3.0,10.0,,,,2.0,,,,,,
Marshalsea Road,434.0,32.625,466.625,51.5018327,-0.0949447,POINT (-0.0949447 51.5018327),E01003929,Southwark 002B,13,1,1,2,18,19,14,14,31,,,,,35,,,,,,,,,,1,,,,,,,,,,1,,,,,,16,,,,,1,,,4,,,,,,,,,,,,2,,5,2,,9,13,,,,,1,,,,60,,,17,,,1,,0,,,4,19,,,,4,37,,4,,0,3.0,,3.0,,,,,,,,,,
Millbank (South of Thorney Street),2698.375,336.75,3035.125,51.4939316,-0.1261034,POINT (-0.1261034 51.4939316),E01004745,Westminster 021C,5,0,0,0,12,5,8,3,13,,,,,26,,,,,,,,,,0,,,,,,,,,,8,,,,,,7,,,,,2,,,4,,,,,,,,,,,,1,,7,4,,8,20,,,,,6,,,,34,,,18,,,2,,1,,,3,9,,,,1,34,,2,,0,,,1.0,,,,,,,,,,
Millbank (north of Great Peter Street),2996.75,213.375,3210.125,51.4969213,-0.1293757,POINT (-0.1293757 51.4969213),E01004733,Westminster 020C,3,1,0,1,4,7,6,7,9,,,,,29,,,,,,,,,,6,,,,,,,,,,7,,,,,,5,,,,,1,,,2,,,,,,,,,,,,2,,6,0,,5,16,,,,,5,,,,40,,,16,,,6,,1,,,3,10,,,,1,37,,2,,0,6.0,,21.0,,,,,1.0,,,,,
Minories,536.25,40.5,576.75,51.5118209,-0.0753689,POINT (-0.0753689 51.5118209),E01000005,City of London 001E,51,1,1,0,11,19,6,39,56,,,,,38,,,,,,,,,,13,,,,,,,,,,3,,,,,,27,,,,,1,,,4,,,,,,,,,,,,1,,6,9,,6,29,,,,,4,,,,60,,,20,,,8,,0,,,8,17,,,,6,48,,9,,0,6.0,2.0,7.0,,1.0,,,2.0,,,,,
Montague Place,746.875,137.125,884.0,51.520372,-0.1281618,POINT (-0.1281618 51.520372),E01000850,Camden 026A,45,0,0,1,36,11,12,25,55,,,,,36,,,,,,,,,,1,,,,,,,,,,5,,,,,,16,,,,,5,,,7,,,,,,,,,,,,13,,15,13,,12,27,,,,,4,,,,60,,,15,,,9,,1,,,8,22,,,,4,45,,12,,0,,,1.0,,,,,,,,,,
Montague Street,904.625,179.5,1084.125,51.5189382,-0.1244348,POINT (-0.1244348 51.5189382),E01000918,Camden 028C,45,0,1,1,0,13,15,19,40,,,,,40,,,,,,,,,,1,,,,,,,,,,6,,,,,,13,,,,,4,,,4,,,,,,,,,,,,14,,15,13,,10,20,,,,,3,,,,60,,,29,,,12,,1,,,8,14,,,,2,38,,11,,0,10.0,,25.0,,,,,,,,,,
Moorgate,2144.0,181.0,2325.0,51.5170923,-0.0887609,POINT (-0.0887609 51.5170923),E01032739,City of London 001F,60,2,0,0,8,20,8,60,60,,,,,39,,,,,,,,,,39,,,,,,,,,,1,,,,,,20,,,,,0,,,3,,,,,,,,,,,,4,,7,6,,5,26,,,,,5,,,,60,,,13,,,10,,0,,,11,20,,,,8,59,,2,,0,6.0,,4.0,,,,,,,,,,
Mortimer Street,608.5,92.0,700.5,51.5179263,-0.1398158,POINT (-0.1398158 51.5179263),E01004765,Westminster 013D,60,0,1,1,60,15,16,34,59,,,,,20,,,,,,,,,,0,,,,,,,,,,11,,,,,,24,,,,,5,,,8,,,,,,,,,,,,11,,8,29,,11,35,,,,,2,,,,60,,,19,,,9,,2,,,9,16,,,,4,31,,16,,0,22.0,,3.0,,1.0,,,1.0,,,,,
Myddelton Street,198.75,42.0,240.75,51.5272687,-0.1061987,POINT (-0.1061987 51.5272687),E01002725,Islington 022E,19,2,0,0,15,12,8,5,15,,,,,52,,,,,,,,,,6,,,,,,,,,,3,,,,,,7,,,,,1,,,9,,,,,,,,,,,,0,,6,4,,9,21,,,,,2,,,,53,,,25,,,2,,0,,,2,13,,,,1,59,,7,,0,6.0,,27.0,,,,1.0,,,,,,
New Bridge Street,4328.0,538.125,4883.125,51.5128973,-0.1041588,POINT (-0.1041588 51.5128973),E01032739,City of London 001F,45,2,0,0,12,13,8,28,0,,,,,18,,,,,,,,,,13,,,,,,,,,,2,,,,,,10,,,,,0,,,1,,,,,,,,,,,,1,,6,5,,3,12,,,,,1,,,,60,,,7,,,5,,0,,,6,14,,,,7,35,,4,,0,,,21.0,,,,2.0,,,,,,
New Cavendish Street,749.25,128.625,877.875,51.5196744,-0.14529,POINT (-0.14529 51.5196744),E01004765,Westminster 013D,60,1,0,1,40,9,12,29,38,,,,,18,,,,,,,,,,0,,,,,,,,,,13,,,,,,18,,,,,6,,,9,,,,,,,,,,,,3,,8,10,,15,32,,,,,1,,,,60,,,30,,,8,,1,,,10,13,,,,3,30,,12,,0,3.0,2.0,20.0,1.0,,,2.0,,,,,,
Newgate Street,1662.125,319.0,1981.125,51.5157004,-0.0999462,POINT (-0.0999462 51.5157004),E01032739,City of London 001F,39,0,0,0,8,15,7,38,50,,,,,19,,,,,,,,,,20,,,,,,,,,,2,,,,,,14,,,,,0,,,1,,,,,,,,,,,,1,,8,7,,7,19,,,,,1,,,,60,,,11,,,5,,0,,,9,19,,,,10,40,,5,,0,,,1.0,,,,,,,,,,
Newington Causeway,1981.0,74.75,2055.75,51.4973154,-0.0990542,POINT (-0.0990542 51.4973154),E01003927,Southwark 002A,15,0,1,0,17,22,4,10,9,,,,,29,,,,,,,,,,2,,,,,,,,,,0,,,,,,13,,,,,0,,,5,,,,,,,,,,,,0,,4,3,,15,12,,,,,1,,,,40,,,20,,,3,,0,,,4,17,,,,4,36,,5,,0,7.0,,4.0,2.0,1.0,,1.0,1.0,,,,,
Northumberland Avenue,1094.5,141.5,1236.0,51.5069825,-0.1249472,POINT (-0.1249472 51.5069825),E01004736,Westminster 018C,25,1,1,1,18,11,18,16,60,,,,,32,,,,,,,,,,0,,,,,,,,,,13,,,,,,10,,,,,0,,,0,,,,,,,,,,,,16,,9,12,,8,12,,,,,4,,,,60,,,15,,,7,,0,,,7,11,,,,7,36,,3,,0,12.0,1.0,17.0,,2.0,,3.0,,,,,,
Old Broad Street,608.0,87.75,695.75,51.5156056,-0.0842214,POINT (-0.0842214 51.5156056),E01032739,City of London 001F,60,2,0,0,11,19,9,60,60,,,,,53,,,,,,,,,,37,,,,,,,,,,1,,,,,,32,,,,,0,,,2,,,,,,,,,,,,4,,2,12,,4,26,,,,,6,,,,60,,,12,,,12,,0,,,12,22,,,,10,60,,8,,0,6.0,,1.0,,,,1.0,,,,,,
Old Compton Street,425.375,63.125,488.5,51.5131683,-0.1313185,POINT (-0.1313185 51.5131683),E01004763,Westminster 013B,60,1,1,2,60,23,33,50,60,,,,,35,,,,,,,,,,1,,,,,,,,,,14,,,,,,25,,,,,0,,,6,,,,,,,,,,,,27,,10,54,,8,38,,,,,3,,,,60,,,20,,,19,,0,,,6,25,,,,7,39,,5,,0,18.0,1.0,5.0,,,,1.0,1.0,,1.0,,,
Old Street,1948.125,223.125,2169.0,51.5255233,-0.0886259,POINT (-0.0886259 51.5255233),E01002704,Islington 023D,60,3,0,0,28,19,2,19,56,,,,,35,,,,,,,,,,4,,,,,,,,,,1,,,,,,16,,,,,0,,,11,,,,,,,,,,,,6,,3,9,,9,28,,,,,4,,,,60,,,16,,,8,,0,,,5,17,,,,1,39,,4,,0,14.0,6.0,12.0,1.0,2.0,,1.0,1.0,,,,,
Pakenham Street,566.5,91.875,658.375,51.5259687,-0.11452,POINT (-0.11452 51.5259687),E01000936,Camden 024A,27,1,0,0,16,14,8,12,26,,,,,39,,,,,,,,,,4,,,,,,,,,,2,,,,,,7,,,,,4,,,6,,,,,,,,,,,,2,,5,3,,11,27,,,,,2,,,,60,,,19,,,5,,0,,,6,16,,,,8,53,,6,,0,6.0,,33.0,,,,,,,,,,
Pall Mall,436.875,94.125,531.0,51.5066838,-0.1340046,POINT (-0.1340046 51.5066838),E01004736,Westminster 018C,38,2,1,0,60,13,17,34,52,,,,,25,,,,,,,,,,1,,,,,,,,,,18,,,,,,13,,,,,0,,,0,,,,,,,,,,,,12,,9,31,,13,20,,,,,4,,,,60,,,11,,,10,,0,,,6,13,,,,5,35,,3,,0,,,,,,,,,,,,,
Paul Street,1374.75,127.625,1502.375,51.523987,-0.0842017,POINT (-0.0842017 51.523987),E01033708,Hackney 027G,58,2,1,0,35,16,5,31,60,,,,,57,,,,,,,,,,4,,,,,,,,,,1,,,,,,24,,,,,0,,,8,,,,,,,,,,,,5,,5,10,,7,31,,,,,7,,,,60,,,15,,,12,,0,,,5,20,,,,6,52,,4,,0,,,,,,,,,,,,,
Petty France,94.25,22.625,116.875,51.499465,-0.1360568,POINT (-0.1360568 51.499465),E01004731,Westminster 020A,8,1,0,0,5,9,8,13,19,,,,,32,,,,,,,,,,5,,,,,,,,,,9,,,,,,10,,,,,0,,,4,,,,,,,,,,,,3,,5,1,,10,16,,,,,3,,,,59,,,13,,,7,,0,,,4,12,,,,2,38,,1,,0,3.0,,2.0,,,,1.0,,,,,,
Piccadilly,579.625,127.875,707.5,51.509998,-0.1350018,POINT (-0.1350018 51.509998),E01033595,Westminster 013E,52,3,1,1,60,17,30,47,40,,,,,31,,,,,,,,,,0,,,,,,,,,,18,,,,,,20,,,,,0,,,4,,,,,,,,,,,,18,,7,54,,15,34,,,,,4,,,,60,,,17,,,13,,0,,,7,24,,,,5,35,,4,,0,,,,,,,,,,,,,
Poland Street,187.375,22.625,210.0,51.5146718,-0.1370893,POINT (-0.1370893 51.5146718),E01033595,Westminster 013E,60,2,1,1,60,14,28,47,60,,,,,28,,,,,,,,,,0,,,,,,,,,,11,,,,,,24,,,,,0,,,6,,,,,,,,,,,,26,,10,49,,9,36,,,,,2,,,,60,,,19,,,12,,1,,,6,18,,,,4,32,,11,,0,12.0,,6.0,,,,,,1.0,,,,
Portland Place,662.0,69.25,731.25,51.5203055,-0.1449157,POINT (-0.1449157 51.5203055),E01004713,Westminster 011A,56,0,0,1,37,10,12,25,39,,,,,18,,,,,,,,,,0,,,,,,,,,,12,,,,,,0,,,,,6,,,5,,,,,,,,,,,,3,,8,11,,16,29,,,,,2,,,,60,,,28,,,5,,1,,,10,15,,,,3,20,,11,,0,10.0,,47.0,,,,2.0,,,,,,
Prince's Street,1926.875,132.125,2059.0,51.5157538,-0.1430716,POINT (-0.1430716 51.5157538),E01033595,Westminster 013E,60,1,1,1,60,11,13,35,58,,,,,16,,,,,,,,,,0,,,,,,,,,,14,,,,,,23,,,,,3,,,6,,,,,,,,,,,,6,,9,31,,13,33,,,,,2,,,,60,,,31,,,11,,2,,,5,14,,,,3,19,,12,,0,31.0,,,,,,,1.0,,,,1.0,
Princess Street,762.375,54.5,816.875,51.495819,-0.102355,POINT (-0.102355 51.495819),E01003932,Southwark 034B,14,0,1,0,13,11,5,4,8,,,,,35,,,,,,,,,,2,,,,,,,,,,0,,,,,,9,,,,,0,,,6,,,,,,,,,,,,0,,3,2,,15,12,,,,,3,,,,46,,,27,,,3,,0,,,4,18,,,,3,38,,4,,0,31.0,,,,,,,1.0,,,,1.0,
Princeton Street,113.25,21.25,134.5,51.5197575,-0.1169623,POINT (-0.1169623 51.5197575),E01000914,Camden 028B,53,1,0,1,19,18,15,17,32,,,,,38,,,,,,,,,,2,,,,,,,,,,5,,,,,,12,,,,,4,,,7,,,,,,,,,,,,5,,9,7,,11,30,,,,,2,,,,60,,,27,,,13,,0,,,5,14,,,,2,37,,9,,0,1.0,,19.0,,,,3.0,,,,,,
Regent Square,1600.25,207.5,1807.75,51.5267044,-0.121173,POINT (-0.121173 51.5267044),E01000937,Camden 025B,24,1,1,0,13,11,5,10,19,,,,,33,,,,,,,,,,2,,,,,,,,,,2,,,,,,5,,,,,7,,,8,,,,,,,,,,,,3,,6,2,,9,21,,,,,3,,,,60,,,16,,,3,,0,,,4,14,,,,6,38,,8,,0,,,19.0,,,,,7.0,,,,,
Regent Street,716.875,70.5625,787.4375,51.5131276,-0.1405909,POINT (-0.1405909 51.5131276),E01033596,Westminster 013F,60,1,1,1,60,12,20,50,60,,,,,16,,,,,,,,,,1,,,,,,,,,,15,,,,,,24,,,,,1,,,5,,,,,,,,,,,,16,,10,51,,14,37,,,,,2,,,,60,,,17,,,13,,2,,,6,17,,,,3,28,,10,,0,23.0,,8.0,,1.0,,,1.0,,,,,
Riverside Walk(Albert Embankment),74.875,27.5,102.375,51.4950191,-0.1212503,POINT (-0.1212503 51.4950191),0,0,5,1,0,1,11,7,3,3,12,,,,,29,,,,,,,,,,0,,,,,,,,,,4,,,,,,7,,,,,2,,,2,,,,,,,,,,,,0,,6,1,,6,17,,,,,6,,,,32,,,15,,,0,,0,,,2,12,,,,1,38,,1,,0,3.0,,4.0,,,,,,,1.0,,,
Rosebery Avenue (north),1570.125,48.5,1618.625,51.5262828,-0.1094047,POINT (-0.1094047 51.5262828),E01002726,Islington 022F,31,2,0,0,16,11,7,7,17,,,,,40,,,,,,,,,,5,,,,,,,,,,2,,,,,,10,,,,,1,,,6,,,,,,,,,,,,0,,6,5,,10,25,,,,,1,,,,58,,,26,,,3,,0,,,5,11,,,,4,49,,5,,0,,,10.0,,,,1.0,,,,,,
Roupelle Street,119.5,42.75,162.25,51.5047017,-0.108241,POINT (-0.108241 51.5047017),E01003017,Lambeth 036D,8,1,0,0,15,9,9,6,31,,,,,40,,,,,,,,,,0,,,,,,,,,,0,,,,,,12,,,,,2,,,4,,,,,,,,,,,,6,,3,2,,4,16,,,,,0,,,,60,,,13,,,2,,0,,,6,17,,,,6,39,,3,,0,4.0,,13.0,,,,,,,,,,
Saffron Hill,115.625,16.25,133.125,51.5202348,-0.1066583,POINT (-0.1066583 51.5202348),E01000916,Camden 027B,54,2,0,0,14,23,10,18,29,,,,,37,,,,,,,,,,11,,,,,,,,,,3,,,,,,12,,,,,2,,,5,,,,,,,,,,,,0,,13,7,,10,25,,,,,1,,,,40,,,15,,,5,,0,,,8,16,,,,4,51,,9,,0,,,4.0,,,,,,,,,,
Shaftesbury Avenue,966.75,109.0,1075.75,51.5129024,-0.1296748,POINT (-0.1296748 51.5129024),E01004734,Westminster 018A,60,1,1,1,53,22,36,38,60,,,,,38,,,,,,,,,,1,,,,,,,,,,16,,,,,,27,,,,,0,,,6,,,,,,,,,,,,28,,8,40,,9,35,,,,,4,,,,60,,,20,,,19,,1,,,6,26,,,,6,50,,4,,0,19.0,,6.0,1.0,,,1.0,,,,,,
Sidmouth Square,1727.75,218.75,1946.5,51.5270748,-0.1192081,POINT (-0.1192081 51.5270748),E01000940,Camden 024D,23,0,1,0,12,13,7,10,18,,,,,32,,,,,,,,,,2,,,,,,,,,,2,,,,,,5,,,,,4,,,9,,,,,,,,,,,,2,,5,2,,10,25,,,,,3,,,,60,,,13,,,3,,0,,,4,15,,,,7,46,,6,,0,,,14.0,,,,,,,,,,
Snow Hill / West Smithfield,1082.875,188.25,1271.125,51.5172273,-0.1028864,POINT (-0.1028864 51.5172273),E01032740,City of London 001G,0,0,0,0,14,18,9,32,50,,,,,31,,,,,,,,,,17,,,,,,,,,,3,,,,,,15,,,,,0,,,4,,,,,,,,,,,,2,,8,7,,8,19,,,,,1,,,,60,,,14,,,5,,0,,,10,18,,,,7,50,,8,,0,6.0,,2.0,1.0,,,,,,1.0,,,
Southampton Row,716.25,89.625,805.875,51.519616,-0.1218432,POINT (-0.1218432 51.519616),E01000914,Camden 028B,38,1,0,1,30,12,14,14,39,,,,,40,,,,,,,,,,1,,,,,,,,,,5,,,,,,10,,,,,4,,,7,,,,,,,,,,,,11,,12,9,,12,25,,,,,2,,,,60,,,31,,,9,,0,,,6,15,,,,1,47,,11,,0,9.0,,15.0,,2.0,,1.0,1.0,,,,,
Southwark Bridge,2045.5,287.0,2332.5,51.5089007,-0.0940731,POINT (-0.0940731 51.5089007),0,0,36,1,1,2,14,18,15,55,60,,,,,37,,,,,,,,,,13,,,,,,,,,,1,,,,,,26,,,,,1,,,0,,,,,,,,,,,,3,,7,4,,5,12,,,,,0,,,,60,,,7,,,6,,0,,,9,26,,,,8,53,,2,,0,,,1.0,,1.0,,,,,,,,
Southwark Bridge Road,1198.375,111.75,1310.125,51.5027941,-0.0967048,POINT (-0.0967048 51.5027941),E01003927,Southwark 002A,15,1,1,0,17,20,13,12,34,,,,,36,,,,,,,,,,1,,,,,,,,,,1,,,,,,16,,,,,1,,,6,,,,,,,,,,,,3,,6,2,,8,14,,,,,1,,,,60,,,19,,,1,,0,,,4,18,,,,2,36,,4,,0,,,6.0,,,,,,,,,,
Southwark Bridge Road (North) between Flat Iron Square and America Street,1450.5,136.875,1587.375,51.5046234,-0.0933825,POINT (-0.0933825 51.5046234),E01003929,Southwark 002B,16,1,1,2,18,13,15,14,40,,,,,36,,,,,,,,,,0,,,,,,,,,,1,,,,,,16,,,,,1,,,3,,,,,,,,,,,,3,,6,2,,7,14,,,,,1,,,,60,,,15,,,1,,0,,,5,18,,,,6,31,,3,,0,5.0,,3.0,,1.0,,,,,,,,
Southwark Bridge Road (South),1174.833333,90.5,1265.333333,51.5028112,-0.0966187,POINT (-0.0966187 51.5028112),E01003927,Southwark 002A,16,1,1,0,17,20,13,12,33,,,,,35,,,,,,,,,,1,,,,,,,,,,1,,,,,,16,,,,,1,,,6,,,,,,,,,,,,3,,6,2,,8,14,,,,,1,,,,60,,,19,,,1,,0,,,4,19,,,,2,37,,4,,0,,,6.0,,,,,,,,,,
Southwark Street,1262.25,260.4375,1522.6875,51.5051617,-0.0973004,POINT (-0.0973004 51.5051617),E01003927,Southwark 002A,17,1,1,0,17,18,13,15,37,,,,,32,,,,,,,,,,5,,,,,,,,,,1,,,,,,16,,,,,0,,,6,,,,,,,,,,,,4,,5,3,,6,16,,,,,1,,,,60,,,15,,,1,,0,,,8,17,,,,5,28,,2,,0,35.0,7.0,11.0,1.0,,,1.0,2.0,,,,,
St. George's Road,1076.0,60.25,1136.25,51.4964458,-0.1057214,POINT (-0.1057214 51.4964458),E01003933,Southwark 034C,11,0,1,0,0,15,6,4,13,,,,,34,,,,,,,,,,1,,,,,,,,,,0,,,,,,12,,,,,0,,,8,,,,,,,,,,,,0,,3,1,,10,15,,,,,2,,,,50,,,26,,,3,,0,,,4,19,,,,6,36,,3,,0,1.0,,5.0,,,,,,,,,,
St. John Street,781.625,64.75,847.25,51.5258278,-0.1040182,POINT (-0.1040182 51.5258278),E01033489,Islington 022G,33,2,0,0,17,12,9,6,25,,,,,48,,,,,,,,,,0,,,,,,,,,,2,,,,,,9,,,,,0,,,10,,,,,,,,,,,,1,,4,6,,13,19,,,,,0,,,,58,,,19,,,5,,0,,,5,14,,,,4,51,,7,,0,7.0,,8.0,,,,,2.0,1.0,,,,
Stamford Street,864.125,298.875,1169.25,51.5066819,-0.1088479,POINT (-0.1088479 51.5066819),E01003017,Lambeth 036D,8,1,0,1,16,5,9,6,35,,,,,30,,,,,,,,,,1,,,,,,,,,,0,,,,,,11,,,,,1,,,4,,,,,,,,,,,,7,,4,4,,3,15,,,,,0,,,,60,,,11,,,4,,0,,,6,15,,,,8,35,,3,,0,5.0,,18.0,,,,,,2.0,,,,
Strand,1181.5,215.0,1396.5,51.5112079,-0.1193447,POINT (-0.1193447 51.5112079),E01004735,Westminster 018B,31,2,0,1,34,15,18,19,59,,,,,36,,,,,,,,,,2,,,,,,,,,,9,,,,,,13,,,,,0,,,3,,,,,,,,,,,,12,,12,9,,3,19,,,,,1,,,,60,,,0,,,12,,0,,,0,11,,,,5,36,,3,,0,14.0,1.0,27.0,,,,4.0,5.0,,,,,
Strand (west),741.5,134.375,875.875,51.5112079,-0.1193447,POINT (-0.1193447 51.5112079),E01004735,Westminster 018B,31,2,0,1,34,15,18,19,59,,,,,36,,,,,,,,,,2,,,,,,,,,,9,,,,,,13,,,,,0,,,3,,,,,,,,,,,,12,,12,9,,3,19,,,,,1,,,,60,,,0,,,12,,0,,,0,11,,,,5,36,,3,,0,14.0,13.0,2.0,,,,,,,,,,
Sumner Steet,332.625,121.0,453.625,51.5066102,-0.0979001,POINT (-0.0979001 51.5066102),E01003935,Southwark 002D,18,1,0,0,16,17,14,20,36,,,,,31,,,,,,,,,,7,,,,,,,,,,1,,,,,,17,,,,,0,,,4,,,,,,,,,,,,4,,5,4,,5,14,,,,,0,,,,0,,,0,,,2,,0,,,7,20,,,,6,33,,2,,0,8.0,,11.0,,,,2.0,,,,,,
Tavistock Square (A4200),668.0,83.5,751.5,51.5247015,-0.1278799,POINT (-0.1278799 51.5247015),E01000852,Camden 026C,27,0,0,0,19,11,0,15,25,,,,,32,,,,,,,,,,1,,,,,,,,,,3,,,,,,9,,,,,4,,,7,,,,,,,,,,,,5,,11,2,,11,19,,,,,4,,,,60,,,13,,,5,,1,,,9,18,,,,8,37,,10,,0,31.0,1.0,6.0,3.0,1.0,,2.0,8.0,,,,,
Temple,4564.25,627.75,5204.5,51.511287,-0.113685,POINT (-0.113685 51.511287),E01004735,Westminster 018B,39,2,0,1,16,14,9,15,39,,,,,17,,,,,,,,,,5,,,,,,,,,,5,,,,,,10,,,,,0,,,2,,,,,,,,,,,,8,,10,7,,3,15,,,,,0,,,,60,,,14,,,7,,0,,,6,9,,,,5,31,,3,,0,,,,,,,,,,,,,
Temple Avenue,729.375,107.25,836.625,51.5118888,-0.1079905,POINT (-0.1079905 51.5118888),E01032740,City of London 001G,33,2,0,0,15,9,8,17,33,,,,,13,,,,,,,,,,8,,,,,,,,,,3,,,,,,11,,,,,0,,,1,,,,,,,,,,,,4,,8,4,,5,12,,,,,1,,,,0,,,8,,,4,,0,,,5,13,,,,6,20,,4,,0,7.0,,8.0,1.0,,,,,,,,,
Temple Place,166.75,25.625,192.375,51.5112898,-0.1136897,POINT (-0.1136897 51.5112898),E01004735,Westminster 018B,39,2,0,1,16,14,9,15,0,,,,,17,,,,,,,,,,5,,,,,,,,,,5,,,,,,10,,,,,0,,,2,,,,,,,,,,,,8,,10,7,,3,15,,,,,0,,,,60,,,14,,,7,,0,,,6,9,,,,5,31,,3,,0,6.0,,20.0,,,,,,,,,,
The Cut,1030.25,148.75,1179.0,51.5030591,-0.1073371,POINT (-0.1073371 51.5030591),E01003017,Lambeth 036D,9,1,0,0,16,9,11,6,28,,,,,37,,,,,,,,,,0,,,,,,,,,,1,,,,,,14,,,,,0,,,5,,,,,,,,,,,,5,,1,2,,5,19,,,,,1,,,,60,,,15,,,2,,0,,,5,22,,,,6,45,,4,,0,,,,,,,,,,,,,
The Mall,2165.0,404.75,2569.75,51.5045039,-0.1342032,POINT (-0.1342032 51.5045039),E01004736,Westminster 018C,20,2,0,0,60,10,8,31,33,,,,,19,,,,,,,,,,1,,,,,,,,,,19,,,,,,13,,,,,0,,,0,,,,,,,,,,,,8,,9,18,,9,18,,,,,8,,,,60,,,10,,,10,,0,,,6,13,,,,4,31,,4,,0,18.0,,,,,,,,,,,,
Theobald's Road,2653.75,230.625,2884.375,51.5204618,-0.1174057,POINT (-0.1174057 51.5204618),E01000914,Camden 028B,38,1,0,1,19,17,14,15,30,,,,,40,,,,,,,,,,3,,,,,,,,,,4,,,,,,12,,,,,4,,,8,,,,,,,,,,,,6,,11,7,,13,32,,,,,2,,,,60,,,16,,,11,,0,,,5,14,,,,2,39,,9,,0,1.0,,6.0,,,,1.0,2.0,,,,,
Threadneedle Street,525.25,79.375,604.625,51.5141218,-0.0862049,POINT (-0.0862049 51.5141218),E01032739,City of London 001F,60,1,0,0,7,20,9,60,60,,,,,40,,,,,,,,,,37,,,,,,,,,,1,,,,,,30,,,,,0,,,1,,,,,,,,,,,,4,,4,9,,2,18,,,,,5,,,,20,,,12,,,12,,0,,,13,18,,,,9,53,,6,,0,4.0,,5.0,,1.0,,,,2.0,,,,
Tooley Street,2030.625,130.875,2161.5,51.5037001,-0.0807159,POINT (-0.0807159 51.5037001),E01004027,Southwark 003E,12,0,2,2,19,15,16,12,39,,,,,27,,,,,,,,,,12,,,,,,,,,,0,,,,,,14,,,,,1,,,3,,,,,,,,,,,,1,,11,2,,6,13,,,,,2,,,,60,,,5,,,3,,0,,,5,15,,,,3,37,,2,,0,3.0,,,,,,,,,,,,
Tooley Street (East),1790.666667,140.6666667,1931.333333,51.5037001,-0.0807159,POINT (-0.0807159 51.5037001),E01004027,Southwark 003E,12,0,2,2,19,15,16,12,39,,,,,27,,,,,,,,,,12,,,,,,,,,,0,,,,,,14,,,,,1,,,3,,,,,,,,,,,,1,,11,2,,6,13,,,,,2,,,,60,,,5,,,3,,0,,,5,15,,,,3,37,,2,,0,3.0,,,,,,,,,,,,
Torrington Place,1330.875,166.0,1496.875,51.5220352,-0.133655,POINT (-0.133655 51.5220352),E01000850,Camden 026A,39,1,0,1,40,12,11,26,49,,,,,38,,,,,,,,,,0,,,,,,,,,,8,,,,,,18,,,,,2,,,8,,,,,,,,,,,,7,,13,10,,7,24,,,,,3,,,,60,,,14,,,6,,1,,,8,19,,,,4,52,,14,,0,6.0,,2.0,,1.0,,2.0,,,,,,
Tottenham Court Road (N),938.25,74.75,1013.0,51.5203108,-0.1340277,POINT (-0.1340277 51.5203108),E01000850,Camden 026A,60,1,0,3,58,16,12,30,60,,,,,31,,,,,,,,,,0,,,,,,,,,,7,,,,,,17,,,,,2,,,7,,,,,,,,,,,,11,,12,16,,5,26,,,,,3,,,,60,,,13,,,8,,1,,,9,22,,,,5,38,,14,,0,29.0,1.0,6.0,1.0,,,1.0,4.0,,,,,
Tottenham Court Road (S),1248.5,122.5,1371.0,51.5203108,-0.1340277,POINT (-0.1340277 51.5203108),E01000850,Camden 026A,60,1,0,3,58,16,12,30,60,,,,,31,,,,,,,,,,0,,,,,,,,,,7,,,,,,17,,,,,2,,,7,,,,,,,,,,,,11,,12,16,,5,26,,,,,3,,,,60,,,13,,,8,,1,,,9,22,,,,5,38,,14,,0,44.0,,12.0,1.0,1.0,,1.0,5.0,,,,,
Trinity Square,209.375,42.625,252.0,51.5101115,-0.0777879,POINT (-0.0777879 51.5101115),E01032739,City of London 001F,39,0,2,0,11,17,8,53,60,,,,,38,,,,,,,,,,18,,,,,,,,,,2,,,,,,27,,,,,1,,,2,,,,,,,,,,,,2,,8,10,,8,18,,,,,1,,,,60,,,9,,,7,,0,,,10,18,,,,7,49,,4,,0,11.0,,,,,,,,,,,3.0,
Turnmill Street,132.25,11.125,143.375,51.5212462,-0.1053143,POINT (-0.1053143 51.5212462),E01002724,Islington 022D,43,1,0,0,13,18,11,16,33,,,,,40,,,,,,,,,,13,,,,,,,,,,3,,,,,,11,,,,,2,,,0,,,,,,,,,,,,0,,14,7,,10,27,,,,,0,,,,60,,,17,,,4,,0,,,8,18,,,,4,53,,11,,0,15.0,3.0,2.0,,,,1.0,,,,,,
Upper Ground,757.25,332.0,1089.25,51.5074064,-0.1099134,POINT (-0.1099134 51.5074064),E01003016,Lambeth 036C,12,1,0,1,16,7,8,7,38,,,,,29,,,,,,,,,,1,,,,,,,,,,1,,,,,,10,,,,,0,,,1,,,,,,,,,,,,7,,4,4,,3,13,,,,,0,,,,60,,,12,,,4,,0,,,6,0,,,,10,35,,2,,0,3.0,,6.0,,,,,,,,,,
Upper Thames Street (East of SB),2509.25,327.125,2836.375,51.5109611,-0.094066,POINT (-0.094066 51.5109611),E01032739,City of London 001F,50,1,1,0,9,15,18,60,59,,,,,40,,,,,,,,,,18,,,,,,,,,,1,,,,,,25,,,,,0,,,0,,,,,,,,,,,,3,,9,5,,2,9,,,,,1,,,,60,,,5,,,6,,0,,,10,20,,,,8,52,,1,,0,6.0,,9.0,,,,,4.0,,,,,
Upper Thames Street (West of SB),2141.625,277.125,2418.75,51.5109611,-0.094066,POINT (-0.094066 51.5109611),E01032739,City of London 001F,50,1,1,0,9,15,18,60,59,,,,,40,,,,,,,,,,18,,,,,,,,,,1,,,,,,25,,,,,0,,,0,,,,,,,,,,,,3,,9,5,,2,9,,,,,1,,,,60,,,5,,,6,,0,,,10,20,,,,8,52,,1,,0,,,,,,,,,,,,,
Victoria Embankment (between Derby Gate and Westminster Bridge),3255.875,508.5,3764.375,51.5008638,-0.1219645,POINT (-0.1219645 51.5008638),0,0,6,1,0,1,5,7,4,6,17,,,,,36,,,,,,,,,,2,,,,,,,,,,9,,,,,,5,,,,,2,,,2,,,,,,,,,,,,3,,7,1,,6,25,,,,,9,,,,0,,,9,,,3,,0,,,5,12,,,,5,39,,2,,0,16.0,,,,,,,,,,,,
Victoria Embankment (by Cleopatra's Needle),4088.875,494.125,4583.0,51.5085067,-0.1203086,POINT (-0.1203086 51.5085067),E01004733,Westminster 020C,29,2,0,1,32,8,18,15,60,,,,,34,,,,,,,,,,0,,,,,,,,,,12,,,,,,8,,,,,0,,,2,,,,,,,,,,,,16,,10,7,,4,16,,,,,3,,,,60,,,12,,,10,,0,,,0,12,,,,8,50,,3,,0,4.0,,9.0,,2.0,,1.0,,,,,1.0,
Victoria Street,1029.875,351.5,1381.375,51.4972967,-0.1369785,POINT (-0.1369785 51.4972967),E01004744,Westminster 020D,12,1,0,0,4,12,10,14,21,,,,,35,,,,,,,,,,6,,,,,,,,,,10,,,,,,9,,,,,0,,,4,,,,,,,,,,,,2,,6,1,,8,18,,,,,2,,,,60,,,18,,,7,,1,,,4,15,,,,3,50,,1,,0,2.0,,10.0,,,,,,,,,2.0,
Wardour Street,417.625,55.625,473.25,51.51329,-0.133872,POINT (-0.133872 51.51329),E01033596,Westminster 013F,60,1,1,3,60,22,32,56,60,,,,,31,,,,,,,,,,0,,,,,,,,,,16,,,,,,27,,,,,0,,,6,,,,,,,,,,,,26,,11,55,,11,40,,,,,3,,,,60,,,18,,,16,,1,,,7,26,,,,7,40,,8,,0,7.0,,20.0,1.0,,,2.0,,,,,,
Warner Street,327.875,47.75,375.625,51.523337,-0.1108752,POINT (-0.1108752 51.523337),E01002726,Islington 022F,39,1,0,0,18,15,9,13,28,,,,,40,,,,,,,,,,7,,,,,,,,,,4,,,,,,11,,,,,6,,,6,,,,,,,,,,,,0,,11,6,,11,24,,,,,2,,,,60,,,18,,,3,,0,,,7,16,,,,3,38,,10,,0,4.0,,1.0,,,,,,,1.0,,,
Waterloo Bridge,3113.75,391.5,3529.0,51.5085965,-0.1168523,POINT (-0.1168523 51.5085965),0,0,33,1,0,1,20,9,16,14,49,,,,,15,,,,,,,,,,1,,,,,,,,,,8,,,,,,10,,,,,0,,,2,,,,,,,,,,,,9,,9,5,,4,11,,,,,2,,,,60,,,15,,,11,,0,,,7,9,,,,8,36,,3,,0,,,,,,,,,,,,,
Waterloo Road,865.625,59.25,924.875,51.5024427,-0.110216,POINT (-0.110216 51.5024427),E01003017,Lambeth 036D,0,1,0,1,13,6,11,6,30,,,,,37,,,,,,,,,,0,,,,,,,,,,0,,,,,,11,,,,,2,,,5,,,,,,,,,,,,5,,3,3,,6,24,,,,,1,,,,60,,,15,,,4,,0,,,6,20,,,,4,46,,4,,0,,,,,,,,,,,,,
Webber Street (East),794.25,74.25,868.5,51.5009334,-0.10431,POINT (-0.10431 51.5009334),E01032583,Southwark 034D,12,0,0,0,13,16,7,7,20,,,,,50,,,,,,,,,,1,,,,,,,,,,1,,,,,,16,,,,,0,,,0,,,,,,,,,,,,3,,3,2,,9,19,,,,,2,,,,59,,,22,,,1,,0,,,7,23,,,,6,55,,5,,0,,,2.0,,,,,,,,,,
Welbeck Street,339.625,52.5,392.125,51.5171936,-0.1491749,POINT (-0.1491749 51.5171936),E01004714,Westminster 011B,60,2,0,1,60,9,13,25,40,,,,,36,,,,,,,,,,0,,,,,,,,,,17,,,,,,17,,,,,6,,,12,,,,,,,,,,,,3,,9,9,,15,0,,,,,0,,,,60,,,32,,,7,,1,,,9,12,,,,3,40,,11,,0,5.0,,19.0,1.0,,,,,,,,,
Westminster Bridge,1755.875,252.875,2021.625,51.5008638,-0.1219645,POINT (-0.1219645 51.5008638),0,0,6,1,0,1,5,7,4,6,17,,,,,36,,,,,,,,,,2,,,,,,,,,,9,,,,,,5,,,,,2,,,2,,,,,,,,,,,,3,,7,1,,6,25,,,,,9,,,,0,,,9,,,3,,0,,,5,12,,,,5,39,,2,,0,20.0,,6.0,,,,1.0,,,,,1.0,
Westminster Bridge Road,784.875,49.25,834.125,51.4997422,-0.1141971,POINT (-0.1141971 51.4997422),E01003013,Lambeth 036A,8,0,0,1,7,5,8,4,0,,,,,34,,,,,,,,,,0,,,,,,,,,,0,,,,,,5,,,,,2,,,4,,,,,,,,,,,,2,,5,0,,6,19,,,,,4,,,,60,,,14,,,2,,0,,,6,18,,,,6,38,,2,,0,7.0,1.0,2.0,,2.0,,,1.0,,,,,
Weston Street,465.25,5.0,470.25,51.5005395,-0.0851803,POINT (-0.0851803 51.5005395),E01032803,Southwark 003J,10,0,2,2,25,19,17,17,47,,,,,34,,,,,,,,,,12,,,,,,,,,,0,,,,,,10,,,,,1,,,4,,,,,,,,,,,,2,,7,1,,11,14,,,,,3,,,,60,,,15,,,2,,0,,,4,20,,,,2,49,,2,,0,10.0,2.0,19.0,,,,,,,,,,
Whitehall (south of Horse Guards Avenue),1444.5,162.125,1606.625,51.5049443,-0.1248179,POINT (-0.1248179 51.5049443),E01004736,Westminster 018C,18,2,0,1,14,8,10,13,40,,,,,33,,,,,,,,,,1,,,,,,,,,,15,,,,,,7,,,,,2,,,0,,,,,,,,,,,,12,,7,10,,7,13,,,,,9,,,,60,,,14,,,4,,0,,,7,10,,,,7,36,,2,,0,40.0,,11.0,,4.0,,1.0,5.0,,,,,
Wimpole Street,132.5,14.875,147.375,51.5179779,-0.1481473,POINT (-0.1481473 51.5179779),E01004713,Westminster 011A,60,1,0,1,51,10,14,26,36,,,,,38,,,,,,,,,,0,,,,,,,,,,16,,,,,,16,,,,,5,,,10,,,,,,,,,,,,3,,9,10,,15,33,,,,,0,,,,60,,,31,,,7,,1,,,10,13,,,,4,53,,11,,0,2.0,2.0,36.0,,,,,6.0,,,,,
Wood Street,464.125,76.75,540.875,51.5164907,-0.0940443,POINT (-0.0940443 51.5164907),E01000002,City of London 001B,58,1,0,0,9,19,7,60,60,,,,,34,,,,,,,,,,19,,,,,,,,,,1,,,,,,20,,,,,0,,,1,,,,,,,,,,,,4,,9,7,,5,19,,,,,2,,,,60,,,11,,,5,,0,,,13,23,,,,12,52,,2,,0,,,,,,,,,,,,,
York Road,687.625,113.625,801.25,51.502856,-0.1159456,POINT (-0.1159456 51.502856),E01032582,Lambeth 036E,7,0,0,1,10,6,7,7,32,,,,,38,,,,,,,,,,0,,,,,,,,,,1,,,,,,7,,,,,2,,,3,,,,,,,,,,,,6,,2,3,,6,22,,,,,3,,,,60,,,0,,,4,,0,,,8,16,,,,7,47,,2,,0,,,3.0,,,,,,,,,,
